{
  "absolute_error_thresholds_m": {
    "q95": 0.23155983835458754,
    "q99": 0.34385163098573707
  },
  "error_histogram_edges_m": [
    -0.4691814124584198,
    -0.43639278204242354,
    -0.4036041516264272,
    -0.37081552121043093,
    -0.3380268907944346,
    -0.3052382603784383,
    -0.27244962996244204,
    -0.23966099954644574,
    -0.20687236913044943,
    -0.17408373871445315,
    -0.14129510829845682,
    -0.10850647788246054,
    -0.07571784746646426,
    -0.04292921705046793,
    -0.010140586634471649,
    0.022648043781524685,
    0.05543667419752096,
    0.0882253046135173,
    0.12101393502951352,
    0.15380256544550985,
    0.1865911958615062,
    0.2193798262775024,
    0.25216845669349874,
    0.2849570871094951,
    0.3177457175254913,
    0.35053434794148763,
    0.38332297835748397,
    0.4161116087734803,
    0.4489002391894765,
    0.48168886960547286,
    0.5144775000214691
  ],
  "first_difference_histogram_edges_m": [
    -0.31065491162985565,
    -0.28845779913278935,
    -0.26626068663572305,
    -0.24406357413865679,
    -0.2218664616415905,
    -0.1996693491445242,
    -0.17747223664745793,
    -0.15527512415039163,
    -0.13307801165332533,
    -0.11088089915625904,
    -0.08868378665919274,
    -0.06648667416212647,
    -0.044289561665060206,
    -0.02209244916799391,
    0.00010466332907238529,
    0.02230177582613868,
    0.04449888832320498,
    0.06669600082027127,
    0.08889311331733757,
    0.11109022581440386,
    0.13328733831147016,
    0.1554844508085364,
    0.1776815633056027,
    0.199878675802669,
    0.22207578829973523,
    0.24427290079680158,
    0.2664700132938678,
    0.2886671257909342,
    0.3108642382880004,
    0.33306135078506677,
    0.355258463282133
  ],
  "fitted_split": "train",
  "histogram_clip_quantiles": [
    0.001,
    0.999
  ],
  "s_grid_m": [
    0.0,
    5.0,
    10.0,
    15.0,
    20.0,
    25.0,
    30.0,
    35.0,
    40.0,
    45.0,
    50.0,
    55.0,
    60.0,
    65.0,
    70.0,
    75.0,
    80.0,
    85.0,
    90.0,
    95.0,
    100.0
  ],
  "schema_version": "1.0.0",
  "training_first_difference_count": 16175,
  "training_observed_value_count": 16440
}
