{
  "condition_count": 799,
  "condition_mean": [
    16.777421686318103,
    -0.0022015541417367704,
    0.0024011826956127076,
    3.567717659010905,
    0.8075890817093163,
    0.8503001581443863
  ],
  "condition_scale": [
    9.576585168650345,
    0.0037853778218162088,
    0.0015884368835139,
    0.15777089460801083,
    0.16209752282547663,
    0.12986726822755815
  ],
  "constant_condition_indices": [],
  "constant_error_station_indices": [],
  "error_count": [
    799,
    799,
    799,
    799,
    799,
    799,
    799,
    799,
    799,
    799,
    799,
    799,
    799,
    799,
    799,
    799,
    798,
    772,
    729,
    702,
    655
  ],
  "error_mean": [
    0.0004483198221322731,
    0.0015682021094221596,
    0.002939309036008488,
    0.003077488873988502,
    0.0055989027007925735,
    0.012995393433488567,
    0.0182565989812241,
    0.016848968700134984,
    0.011912140005196544,
    0.016803036521848433,
    0.02566940983058302,
    0.019563489830348255,
    0.03587357947335579,
    0.03425522430260661,
    0.035061863084603156,
    0.034600568885845916,
    0.036858291009176675,
    0.03628719899381319,
    0.041932462148854384,
    0.024603360222269145,
    0.02391380382038476
  ],
  "error_scale": [
    0.018464464636507496,
    0.021747389728781215,
    0.026711187926419813,
    0.034895877100174576,
    0.043082999345395945,
    0.048124805076482924,
    0.056546340897250386,
    0.0684021061101432,
    0.07361692620866347,
    0.08164794678217517,
    0.09646093563847474,
    0.11076869070118801,
    0.11935021554070108,
    0.1299054125751894,
    0.1367829974245169,
    0.1348166464390082,
    0.15341854346537648,
    0.14504247048398633,
    0.14322886756846265,
    0.14864991491188217,
    0.16210024591255623
  ],
  "feature_names": [
    "ego_speed_mps",
    "mean_reference_curvature_inv_m",
    "reference_curvature_range_inv_m",
    "lane_width_m",
    "marking_quality",
    "environment_quality"
  ],
  "fitted_split": "train",
  "minimum_scale": 1e-08,
  "s_grid_m": [
    0.0,
    5.0,
    10.0,
    15.0,
    20.0,
    25.0,
    30.0,
    35.0,
    40.0,
    45.0,
    50.0,
    55.0,
    60.0,
    65.0,
    70.0,
    75.0,
    80.0,
    85.0,
    90.0,
    95.0,
    100.0
  ],
  "schema_version": "1.0.0"
}
