{
  "absolute_error_thresholds_m": {
    "q95": 0.13428910821676251,
    "q99": 0.20218923002481462
  },
  "error_histogram_edges_m": [
    -0.2468909963220358,
    -0.23647047676950692,
    -0.22604995721697804,
    -0.21562943766444917,
    -0.2052089181119203,
    -0.19478839855939142,
    -0.18436787900686255,
    -0.17394735945433368,
    -0.1635268399018048,
    -0.15310632034927593,
    -0.14268580079674706,
    -0.13226528124421819,
    -0.12184476169168931,
    -0.11142424213916044,
    -0.10100372258663157,
    -0.0905832030341027,
    -0.08016268348157382,
    -0.06974216392904495,
    -0.059321644376516075,
    -0.0489011248239872,
    -0.03848060527145833,
    -0.028060085718929456,
    -0.017639566166400583,
    -0.00721904661387171,
    0.0032014729386571628,
    0.013621992491186036,
    0.02404251204371491,
    0.03446303159624378,
    0.044883551148772655,
    0.05530407070130153,
    0.0657245902538304,
    0.07614510980635927,
    0.08656562935888815,
    0.09698614891141702,
    0.10740666846394589,
    0.11782718801647477,
    0.12824770756900364,
    0.1386682271215325,
    0.14908874667406138,
    0.15950926622659026,
    0.16992978577911913,
    0.180350305331648,
    0.19077082488417688,
    0.20119134443670575,
    0.21161186398923462,
    0.2220323835417635,
    0.23245290309429237,
    0.24287342264682124,
    0.2532939421993501,
    0.26371446175187896,
    0.27413498130440783
  ],
  "first_difference_histogram_edges_m": [
    -0.3517647217363119,
    -0.3375658144673705,
    -0.32336690719842914,
    -0.30916799992948774,
    -0.29496909266054633,
    -0.2807701853916049,
    -0.26657127812266357,
    -0.25237237085372216,
    -0.23817346358478075,
    -0.22397455631583937,
    -0.209775649046898,
    -0.1955767417779566,
    -0.1813778345090152,
    -0.1671789272400738,
    -0.15298001997113242,
    -0.138781112702191,
    -0.12458220543324963,
    -0.11038329816430825,
    -0.09618439089536684,
    -0.08198548362642544,
    -0.06778657635748409,
    -0.05358766908854268,
    -0.03938876181960127,
    -0.025189854550659863,
    -0.01099094728171851,
    0.003207959987222897,
    0.017406867256164305,
    0.03160577452510566,
    0.045804681794047064,
    0.06000358906298847,
    0.07420249633192988,
    0.08840140360087123,
    0.10260031086981264,
    0.11679921813875405,
    0.1309981254076954,
    0.1451970326766368,
    0.1593959399455782,
    0.17359484721451957,
    0.18779375448346103,
    0.20199266175240238,
    0.21619156902134373,
    0.2303904762902852,
    0.24458938355922655,
    0.2587882908281679,
    0.27298719809710936,
    0.2871861053660507,
    0.3013850126349922,
    0.31558391990393353,
    0.3297828271728749,
    0.34398173444181634,
    0.35818064171075775
  ],
  "fitted_split": "train",
  "histogram_clip_quantiles": [
    0.001,
    0.999
  ],
  "s_grid_m": [
    0.0,
    5.0,
    10.0,
    15.0,
    20.0,
    25.0,
    30.0,
    35.0,
    40.0,
    45.0,
    50.0,
    55.0,
    60.0,
    65.0,
    70.0,
    75.0,
    80.0,
    85.0,
    90.0,
    95.0,
    100.0
  ],
  "schema_version": "1.0.0",
  "training_first_difference_count": 219555,
  "training_observed_value_count": 222488
}
