{
  "condition_count": 249845,
  "condition_mean": [
    20.388347916627996,
    3.692587771000208e-05,
    0.0033607416547874087,
    3.548570434671503,
    0.7958334450894677,
    0.8085836553920603
  ],
  "condition_scale": [
    10.205276930114676,
    0.004011281571196374,
    0.0025245718107364335,
    0.11084006302949821,
    0.1650573651028104,
    0.1607792944672324
  ],
  "constant_condition_indices": [],
  "constant_error_station_indices": [],
  "error_count": [
    249845,
    249845,
    249845,
    249845,
    249845,
    249845,
    249845,
    249845,
    249845,
    249845,
    249845,
    249845,
    249844,
    249601,
    248492,
    246791,
    244147,
    235749,
    222576,
    204162,
    184209
  ],
  "error_mean": [
    5.0859017313047956e-05,
    0.0021766877771852377,
    0.004930022774633242,
    0.008263820390743993,
    0.012171472660066627,
    0.016326896064927297,
    0.021130715543550997,
    0.025848329711964848,
    0.030554363038363005,
    0.035252518712999774,
    0.03928017255531932,
    0.04324192835603498,
    0.04587566518180848,
    0.047557330268369925,
    0.04828814134343345,
    0.047162761281592344,
    0.04389039023344673,
    0.03967019888021503,
    0.03320431426533778,
    0.024890864087701976,
    0.01570594861467023
  ],
  "error_scale": [
    0.01828768269144463,
    0.023108322939889726,
    0.029281184229349524,
    0.03637334250971769,
    0.04410472689688021,
    0.05225767868918151,
    0.06154676762051712,
    0.07199864218447093,
    0.08301140619867302,
    0.09494586629090655,
    0.10570313633484774,
    0.11507864144504265,
    0.12391058214179054,
    0.13236961336879963,
    0.14022970650144195,
    0.14711249028635706,
    0.1543478263367509,
    0.1584002922212372,
    0.16177861672988691,
    0.16478945356687924,
    0.16704697611190075
  ],
  "feature_names": [
    "ego_speed_mps",
    "mean_reference_curvature_inv_m",
    "reference_curvature_range_inv_m",
    "lane_width_m",
    "marking_quality",
    "environment_quality"
  ],
  "fitted_split": "train",
  "minimum_scale": 1e-08,
  "s_grid_m": [
    0.0,
    5.0,
    10.0,
    15.0,
    20.0,
    25.0,
    30.0,
    35.0,
    40.0,
    45.0,
    50.0,
    55.0,
    60.0,
    65.0,
    70.0,
    75.0,
    80.0,
    85.0,
    90.0,
    95.0,
    100.0
  ],
  "schema_version": "1.0.0"
}
