{
  "absolute_error_thresholds_m": {
    "q95": 0.2449265941977501,
    "q99": 0.3947245299816139
  },
  "error_histogram_edges_m": [
    -0.4758984526991844,
    -0.4625823564641177,
    -0.4492662602290511,
    -0.4359501639939844,
    -0.42263406775891776,
    -0.4093179715238511,
    -0.3960018752887844,
    -0.38268577905371776,
    -0.36936968281865107,
    -0.35605358658358444,
    -0.34273749034851775,
    -0.32942139411345106,
    -0.31610529787838443,
    -0.3027892016433178,
    -0.2894731054082511,
    -0.2761570091731844,
    -0.26284091293811773,
    -0.2495248167030511,
    -0.23620872046798444,
    -0.22289262423291778,
    -0.2095765279978511,
    -0.19626043176278446,
    -0.18294433552771777,
    -0.16962823929265108,
    -0.15631214305758445,
    -0.14299604682251776,
    -0.12967995058745113,
    -0.11636385435238444,
    -0.10304775811731776,
    -0.08973166188225112,
    -0.07641556564718444,
    -0.0630994694121178,
    -0.049783373177051116,
    -0.03646727694198443,
    -0.023151180706917796,
    -0.009835084471851108,
    0.0034810117632155246,
    0.016797107998282212,
    0.030113204233348845,
    0.04342930046841553,
    0.05674539670348222,
    0.07006149293854891,
    0.08337758917361549,
    0.09669368540868217,
    0.11000978164374886,
    0.12332587787881555,
    0.13664197411388224,
    0.1499580703489488,
    0.1632741665840155,
    0.1765902628190822,
    0.18990635905414888,
    0.20322245528921556,
    0.21653855152428214,
    0.22985464775934883,
    0.24317074399441552,
    0.2564868402294822,
    0.2698029364645489,
    0.28311903269961547,
    0.29643512893468216,
    0.30975122516974885,
    0.32306732140481553,
    0.3363834176398822,
    0.3496995138749488,
    0.3630156101100155,
    0.3763317063450822,
    0.38964780258014886,
    0.40296389881521555,
    0.4162799950502821,
    0.4295960912853488,
    0.4429121875204155,
    0.4562282837554822,
    0.4695443799905489,
    0.48286047622561545,
    0.49617657246068214,
    0.5094926686957488,
    0.5228087649308155,
    0.5361248611658821,
    0.5494409574009488,
    0.5627570536360155,
    0.5760731498710822,
    0.589389246106149
  ],
  "first_difference_histogram_edges_m": [
    -0.3086839785426855,
    -0.30053798173787066,
    -0.2923919849330559,
    -0.2842459881282411,
    -0.2760999913234263,
    -0.2679539945186115,
    -0.2598079977137967,
    -0.2516620009089819,
    -0.24351600410416713,
    -0.2353700072993523,
    -0.22722401049453753,
    -0.21907801368972274,
    -0.21093201688490792,
    -0.20278602008009314,
    -0.19464002327527835,
    -0.18649402647046354,
    -0.17834802966564875,
    -0.17020203286083396,
    -0.16205603605601915,
    -0.15391003925120436,
    -0.14576404244638957,
    -0.13761804564157476,
    -0.12947204883675997,
    -0.12132605203194519,
    -0.11318005522713037,
    -0.10503405842231558,
    -0.0968880616175008,
    -0.08874206481268601,
    -0.0805960680078712,
    -0.07245007120305641,
    -0.06430407439824162,
    -0.056158077593426836,
    -0.04801208078861202,
    -0.03986608398379721,
    -0.03172008717898245,
    -0.023574090374167633,
    -0.015428093569352819,
    -0.00728209676453806,
    0.0008639000402767549,
    0.00900989684509157,
    0.01715589364990633,
    0.025301890454721143,
    0.03344788725953596,
    0.04159388406435072,
    0.04973988086916553,
    0.057885877673980346,
    0.0660318744787951,
    0.07417787128360992,
    0.08232386808842473,
    0.0904698648932395,
    0.09861586169805431,
    0.10676185850286907,
    0.11490785530768388,
    0.1230538521124987,
    0.13119984891731346,
    0.13934584572212827,
    0.14749184252694308,
    0.15563783933175784,
    0.16378383613657266,
    0.17192983294138747,
    0.18007582974620223,
    0.18822182655101705,
    0.1963678233558318,
    0.20451382016064668,
    0.21265981696546143,
    0.2208058137702762,
    0.22895181057509106,
    0.23709780737990582,
    0.24524380418472058,
    0.25338980098953545,
    0.2615357977943502,
    0.26968179459916497,
    0.27782779140397984,
    0.2859737882087946,
    0.29411978501360936,
    0.30226578181842423,
    0.310411778623239,
    0.31855777542805375,
    0.3267037722328686,
    0.3348497690376834,
    0.3429957658424982
  ],
  "fitted_split": "train",
  "histogram_clip_quantiles": [
    0.001,
    0.999
  ],
  "s_grid_m": [
    0.0,
    5.0,
    10.0,
    15.0,
    20.0,
    25.0,
    30.0,
    35.0,
    40.0,
    45.0,
    50.0,
    55.0,
    60.0,
    65.0,
    70.0,
    75.0,
    80.0,
    85.0,
    90.0,
    95.0,
    100.0
  ],
  "schema_version": "1.0.0",
  "training_first_difference_count": 5034262,
  "training_observed_value_count": 5083711
}
