{
  "absolute_error_thresholds_m": {
    "q95": 0.14217274710536001,
    "q99": 0.21538445159792902
  },
  "error_histogram_edges_m": [
    -0.23188632294535638,
    -0.21470935495595145,
    -0.1975323869665465,
    -0.1803554189771416,
    -0.16317845098773667,
    -0.14600148299833174,
    -0.12882451500892683,
    -0.1116475470195219,
    -0.09447057903011696,
    -0.07729361104071203,
    -0.060116643051307095,
    -0.04293967506190219,
    -0.025762707072497254,
    -0.00858573908309232,
    0.008591228906312587,
    0.02576819689571752,
    0.042945164885122455,
    0.06012213287452739,
    0.07729910086393232,
    0.09447606885333726,
    0.11165303684274219,
    0.12883000483214707,
    0.146006972821552,
    0.16318394081095694,
    0.18036090880036187,
    0.1975378767897668,
    0.21471484477917174,
    0.23189181276857668,
    0.24906878075798156,
    0.2662457487473865,
    0.28342271673679137
  ],
  "first_difference_histogram_edges_m": [
    -0.35118561997637154,
    -0.32719686161465944,
    -0.30320810325294734,
    -0.2792193448912352,
    -0.2552305865295231,
    -0.23124182816781097,
    -0.20725306980609884,
    -0.1832643114443867,
    -0.1592755530826746,
    -0.1352867947209625,
    -0.11129803635925037,
    -0.08730927799753824,
    -0.06332051963582613,
    -0.03933176127411403,
    -0.01534300291240187,
    0.008645755449310233,
    0.032634513811022337,
    0.05662327217273444,
    0.08061203053444654,
    0.1046007888961587,
    0.1285895472578708,
    0.15257830561958297,
    0.17656706398129507,
    0.20055582234300717,
    0.22454458070471928,
    0.24853333906643138,
    0.2725220974281435,
    0.2965108557898556,
    0.3204996141515678,
    0.3444883725132799,
    0.36847713087499206
  ],
  "fitted_split": "train",
  "histogram_clip_quantiles": [
    0.001,
    0.999
  ],
  "s_grid_m": [
    0.0,
    5.0,
    10.0,
    15.0,
    20.0,
    25.0,
    30.0,
    35.0,
    40.0,
    45.0,
    50.0,
    55.0,
    60.0,
    65.0,
    70.0,
    75.0,
    80.0,
    85.0,
    90.0,
    95.0,
    100.0
  ],
  "schema_version": "1.0.0",
  "training_first_difference_count": 16292,
  "training_observed_value_count": 16558
}
