{
  "condition_count": 800,
  "condition_mean": [
    22.19326222836971,
    0.0017475012264003453,
    0.00282169464678077,
    3.5710180696845053,
    0.8306912805885076,
    0.851235157288611
  ],
  "condition_scale": [
    9.704775794440286,
    0.004269282174086472,
    0.0019613207846598856,
    0.13585822785943313,
    0.13214436468672214,
    0.12141073058506913
  ],
  "constant_condition_indices": [],
  "constant_error_station_indices": [],
  "error_count": [
    800,
    800,
    800,
    800,
    800,
    800,
    800,
    800,
    800,
    800,
    800,
    800,
    800,
    800,
    800,
    800,
    799,
    779,
    758,
    723,
    699
  ],
  "error_mean": [
    0.0006259796060285793,
    0.001645279054009734,
    0.0030165952616334835,
    0.004515764073315723,
    0.006493374493502415,
    0.008008364537508895,
    0.009512345701559753,
    0.010964125167874953,
    0.012065561711042392,
    0.012031732519553771,
    0.011637759660025039,
    0.01418531430965686,
    0.015905405163384786,
    0.01827973472272788,
    0.01716037270547531,
    0.01811100026134227,
    0.019898732578285297,
    0.024036182216451554,
    0.025106642769576214,
    0.031189662683280158,
    0.032712981741179585
  ],
  "error_scale": [
    0.012072820833793883,
    0.013863813699103682,
    0.016363361750012396,
    0.01848672642295518,
    0.022027135469218022,
    0.02649853674518459,
    0.030552522384719696,
    0.03542374514799993,
    0.040737233747499615,
    0.04642350637231227,
    0.051827185398940434,
    0.05629870377150074,
    0.06226131927917957,
    0.06873073026270778,
    0.073511286241215,
    0.08041814241383184,
    0.08619231623949282,
    0.09313084769674745,
    0.10129140517116977,
    0.10660105791728937,
    0.10797354952266147
  ],
  "feature_names": [
    "ego_speed_mps",
    "mean_reference_curvature_inv_m",
    "reference_curvature_range_inv_m",
    "lane_width_m",
    "marking_quality",
    "environment_quality"
  ],
  "fitted_split": "train",
  "minimum_scale": 1e-08,
  "s_grid_m": [
    0.0,
    5.0,
    10.0,
    15.0,
    20.0,
    25.0,
    30.0,
    35.0,
    40.0,
    45.0,
    50.0,
    55.0,
    60.0,
    65.0,
    70.0,
    75.0,
    80.0,
    85.0,
    90.0,
    95.0,
    100.0
  ],
  "schema_version": "1.0.0"
}
