{
  "absolute_error_thresholds_m": {
    "q95": 0.24473845139145803,
    "q99": 0.4599091744422914
  },
  "error_histogram_edges_m": [
    -0.6562122168540955,
    -0.6391379434399307,
    -0.6220636700257659,
    -0.6049893966116011,
    -0.5879151231974363,
    -0.5708408497832715,
    -0.5537665763691068,
    -0.536692302954942,
    -0.5196180295407773,
    -0.5025437561266124,
    -0.48546948271244766,
    -0.46839520929828293,
    -0.45132093588411815,
    -0.43424666246995336,
    -0.4171723890557886,
    -0.4000981156416238,
    -0.383023842227459,
    -0.3659495688132942,
    -0.3488752953991294,
    -0.33180102198496464,
    -0.31472674857079985,
    -0.2976524751566351,
    -0.28057820174247033,
    -0.26350392832830555,
    -0.24642965491414076,
    -0.22935538149997597,
    -0.2122811080858112,
    -0.1952068346716464,
    -0.17813256125748167,
    -0.16105828784331688,
    -0.1439840144291521,
    -0.1269097410149873,
    -0.10983546760082252,
    -0.09276119418665774,
    -0.07568692077249295,
    -0.05861264735832816,
    -0.041538373944163376,
    -0.02446410052999859,
    -0.0073898271158338025,
    0.009684446298330984,
    0.02675871971249577,
    0.04383299312666045,
    0.06090726654082523,
    0.07798153995499002,
    0.0950558133691548,
    0.1121300867833196,
    0.12920436019748438,
    0.14627863361164917,
    0.16335290702581395,
    0.18042718043997874,
    0.19750145385414353,
    0.21457572726830831,
    0.2316500006824731,
    0.2487242740966379,
    0.2657985475108027,
    0.28287282092496746,
    0.29994709433913214,
    0.3170213677532969,
    0.3340956411674617,
    0.3511699145816266,
    0.3682441879957913,
    0.3853184614099562,
    0.40239273482412086,
    0.41946700823828575,
    0.43654128165245043,
    0.4536155550666151,
    0.47068982848078,
    0.4877641018949447,
    0.5048383753091096,
    0.5219126487232743,
    0.5389869221374392,
    0.5560611955516038,
    0.5731354689657687,
    0.5902097423799334,
    0.6072840157940983,
    0.624358289208263,
    0.6414325626224279,
    0.6585068360365925,
    0.6755811094507574,
    0.6926553828649221,
    0.7097296562790871
  ],
  "first_difference_histogram_edges_m": [
    -0.3686564699467272,
    -0.35945573920586615,
    -0.3502550084650051,
    -0.3410542777241441,
    -0.33185354698328307,
    -0.32265281624242204,
    -0.313452085501561,
    -0.3042513547607,
    -0.29505062401983895,
    -0.2858498932789779,
    -0.2766491625381169,
    -0.2674484317972558,
    -0.2582477010563948,
    -0.24904697031553374,
    -0.23984623957467271,
    -0.23064550883381169,
    -0.22144477809295066,
    -0.21224404735208963,
    -0.2030433166112286,
    -0.19384258587036757,
    -0.18464185512950654,
    -0.17544112438864548,
    -0.16624039364778445,
    -0.15703966290692342,
    -0.1478389321660624,
    -0.13863820142520136,
    -0.12943747068434033,
    -0.1202367399434793,
    -0.11103600920261825,
    -0.10183527846175722,
    -0.09263454772089619,
    -0.08343381698003516,
    -0.07423308623917413,
    -0.0650323554983131,
    -0.05583162475745207,
    -0.04663089401659104,
    -0.03743016327573001,
    -0.02822943253486898,
    -0.01902870179400795,
    -0.009827971053146922,
    -0.0006272403122858927,
    0.008573490428575192,
    0.017774221169436222,
    0.02697495191029725,
    0.03617568265115828,
    0.04537641339201931,
    0.05457714413288034,
    0.06377787487374137,
    0.0729786056146024,
    0.08217933635546343,
    0.09138006709632446,
    0.10058079783718549,
    0.10978152857804652,
    0.11898225931890755,
    0.12818299005976858,
    0.13738372080062966,
    0.1465844515414907,
    0.15578518228235172,
    0.16498591302321275,
    0.17418664376407378,
    0.1833873745049348,
    0.19258810524579584,
    0.20178883598665687,
    0.2109895667275179,
    0.22019029746837893,
    0.22939102820923996,
    0.23859175895010099,
    0.24779248969096201,
    0.25699322043182304,
    0.2661939511726841,
    0.2753946819135451,
    0.28459541265440613,
    0.29379614339526716,
    0.3029968741361282,
    0.3121976048769892,
    0.32139833561785025,
    0.3305990663587113,
    0.3397997970995723,
    0.34900052784043334,
    0.35820125858129437,
    0.3674019893221555
  ],
  "fitted_split": "train",
  "histogram_clip_quantiles": [
    0.001,
    0.999
  ],
  "s_grid_m": [
    0.0,
    5.0,
    10.0,
    15.0,
    20.0,
    25.0,
    30.0,
    35.0,
    40.0,
    45.0,
    50.0,
    55.0,
    60.0,
    65.0,
    70.0,
    75.0,
    80.0,
    85.0,
    90.0,
    95.0,
    100.0
  ],
  "schema_version": "1.0.0",
  "training_first_difference_count": 5048428,
  "training_observed_value_count": 5097694
}
