{
  "condition_count": 10856,
  "condition_mean": [
    21.02069066878883,
    -0.001050080184484384,
    0.003239300814677427,
    3.5394922204112516,
    0.8102971603510546,
    0.8222454406455566
  ],
  "condition_scale": [
    10.258882979389039,
    0.004038168352780193,
    0.0024513588708437494,
    0.11958682174710673,
    0.15227079826662882,
    0.14003876552439393
  ],
  "constant_condition_indices": [],
  "constant_error_station_indices": [],
  "error_count": [
    10856,
    10856,
    10856,
    10856,
    10856,
    10856,
    10856,
    10856,
    10856,
    10856,
    10856,
    10856,
    10856,
    10855,
    10775,
    10678,
    10577,
    10323,
    9952,
    9467,
    8733
  ],
  "error_mean": [
    -5.127725854318202e-05,
    0.0004472666719638979,
    0.0010055255125017801,
    0.0016747445617252465,
    0.0024835203008740344,
    0.003384151231422628,
    0.004034305129640556,
    0.005044978171124676,
    0.006114521111144101,
    0.00676623513221082,
    0.007811954772825379,
    0.008491308825374431,
    0.009550951360663319,
    0.010535986292373827,
    0.011257406495770715,
    0.012587382500732592,
    0.013714273591627356,
    0.01438175401585326,
    0.014137861003684771,
    0.014165934790126285,
    0.014794150140218124
  ],
  "error_scale": [
    0.01190647486991947,
    0.013604484948409466,
    0.016252255024126222,
    0.019480291346408114,
    0.02321943403936817,
    0.02709079729982078,
    0.031156245680148836,
    0.03541364468693416,
    0.040212681075654524,
    0.04507737515029725,
    0.05059030828908448,
    0.0559134229690157,
    0.061492650340871466,
    0.06697483014089566,
    0.07309801698278458,
    0.07843981123649305,
    0.08426075923904627,
    0.09099022700013185,
    0.09745205158095331,
    0.10394517463136235,
    0.11089996654174275
  ],
  "feature_names": [
    "ego_speed_mps",
    "mean_reference_curvature_inv_m",
    "reference_curvature_range_inv_m",
    "lane_width_m",
    "marking_quality",
    "environment_quality"
  ],
  "fitted_split": "train",
  "minimum_scale": 1e-08,
  "s_grid_m": [
    0.0,
    5.0,
    10.0,
    15.0,
    20.0,
    25.0,
    30.0,
    35.0,
    40.0,
    45.0,
    50.0,
    55.0,
    60.0,
    65.0,
    70.0,
    75.0,
    80.0,
    85.0,
    90.0,
    95.0,
    100.0
  ],
  "schema_version": "1.0.0"
}
