{
  "absolute_error_thresholds_m": {
    "q95": 0.13564090728759767,
    "q99": 0.20342373430728922
  },
  "error_histogram_edges_m": [
    -0.23875482976436616,
    -0.2322821277752519,
    -0.2258094257861376,
    -0.21933672379702335,
    -0.21286402180790906,
    -0.2063913198187948,
    -0.1999186178296805,
    -0.19344591584056625,
    -0.186973213851452,
    -0.1805005118623377,
    -0.17402780987322344,
    -0.16755510788410916,
    -0.1610824058949949,
    -0.15460970390588064,
    -0.14813700191676638,
    -0.1416642999276521,
    -0.1351915979385378,
    -0.12871889594942354,
    -0.12224619396030927,
    -0.115773491971195,
    -0.10930078998208073,
    -0.10282808799296644,
    -0.09635538600385218,
    -0.08988268401473792,
    -0.08340998202562364,
    -0.07693728003650938,
    -0.07046457804739509,
    -0.06399187605828083,
    -0.05751917406916657,
    -0.05104647208005228,
    -0.04457377009093802,
    -0.03810106810182373,
    -0.03162836611270947,
    -0.02515566412359521,
    -0.018682962134480924,
    -0.012210260145366664,
    -0.005737558156252376,
    0.0007351438328618842,
    0.007207845821976144,
    0.013680547811090432,
    0.020153249800204692,
    0.026625951789318952,
    0.03309865377843327,
    0.03957135576754753,
    0.04604405775666179,
    0.05251675974577605,
    0.05898946173489031,
    0.06546216372400462,
    0.07193486571311888,
    0.07840756770223314,
    0.0848802696913474,
    0.09135297168046166,
    0.09782567366957598,
    0.10429837565869024,
    0.1107710776478045,
    0.11724377963691876,
    0.12371648162603302,
    0.13018918361514734,
    0.1366618856042616,
    0.14313458759337586,
    0.14960728958249012,
    0.15607999157160438,
    0.1625526935607187,
    0.16902539554983295,
    0.1754980975389472,
    0.18197079952806147,
    0.18844350151717573,
    0.19491620350629005,
    0.2013889054954043,
    0.20786160748451857,
    0.21433430947363283,
    0.2208070114627471,
    0.2272797134518614,
    0.23375241544097566,
    0.24022511743008992,
    0.24669781941920418,
    0.2531705214083184,
    0.25964322339743273,
    0.26611592538654705,
    0.27258862737566136,
    0.27906132936477557
  ],
  "first_difference_histogram_edges_m": [
    -0.35251369774341584,
    -0.3437075498223305,
    -0.3349014019012452,
    -0.3260952539801598,
    -0.3172891060590745,
    -0.30848295813798915,
    -0.29967681021690384,
    -0.2908706622958185,
    -0.2820645143747331,
    -0.2732583664536478,
    -0.2644522185325625,
    -0.25564607061147715,
    -0.2468399226903918,
    -0.23803377476930648,
    -0.22922762684822112,
    -0.2204214789271358,
    -0.21161533100605046,
    -0.20280918308496512,
    -0.1940030351638798,
    -0.18519688724279446,
    -0.17639073932170912,
    -0.16758459140062376,
    -0.15877844347953843,
    -0.1499722955584531,
    -0.14116614763736776,
    -0.13235999971628243,
    -0.1235538517951971,
    -0.11474770387411176,
    -0.1059415559530264,
    -0.0971354080319411,
    -0.08832926011085573,
    -0.07952311218977043,
    -0.07071696426868507,
    -0.061910816347599706,
    -0.0531046684265144,
    -0.04429852050542904,
    -0.035492372584343734,
    -0.026686224663258373,
    -0.017880076742173068,
    -0.009073928821087707,
    -0.0002677809000024012,
    0.00853836702108296,
    0.01734451494216832,
    0.026150662863253626,
    0.03495681078433899,
    0.04376295870542429,
    0.052569106626509654,
    0.06137525454759496,
    0.07018140246868032,
    0.07898755038976568,
    0.08779369831085099,
    0.09659984623193635,
    0.10540599415302165,
    0.11421214207410701,
    0.12301828999519232,
    0.13182443791627768,
    0.14063058583736304,
    0.1494367337584484,
    0.15824288167953365,
    0.16704902960061901,
    0.17585517752170438,
    0.18466132544278974,
    0.193467473363875,
    0.20227362128496035,
    0.2110797692060457,
    0.21988591712713107,
    0.22869206504821643,
    0.23749821296930168,
    0.24630436089038704,
    0.2551105088114724,
    0.26391665673255776,
    0.272722804653643,
    0.2815289525747284,
    0.29033510049581374,
    0.2991412484168991,
    0.30794739633798446,
    0.3167535442590697,
    0.32555969218015507,
    0.33436584010124043,
    0.3431719880223258,
    0.3519781359434111
  ],
  "fitted_split": "train",
  "histogram_clip_quantiles": [
    0.001,
    0.999
  ],
  "s_grid_m": [
    0.0,
    5.0,
    10.0,
    15.0,
    20.0,
    25.0,
    30.0,
    35.0,
    40.0,
    45.0,
    50.0,
    55.0,
    60.0,
    65.0,
    70.0,
    75.0,
    80.0,
    85.0,
    90.0,
    95.0,
    100.0
  ],
  "schema_version": "1.0.0",
  "training_first_difference_count": 5032593,
  "training_observed_value_count": 5082077
}
