{
  "condition_count": 250568,
  "condition_mean": [
    20.836693731917187,
    8.920207894042912e-05,
    0.0033919055370067743,
    3.54797821287215,
    0.7982320414583052,
    0.8064973489732095
  ],
  "condition_scale": [
    9.889467218924336,
    0.003996619209586678,
    0.0025528703464843213,
    0.10964997669671955,
    0.16378498569844221,
    0.16440043980404895
  ],
  "constant_condition_indices": [],
  "constant_error_station_indices": [],
  "error_count": [
    250568,
    250568,
    250568,
    250568,
    250568,
    250568,
    250568,
    250568,
    250568,
    250568,
    250568,
    250568,
    250542,
    250199,
    248899,
    247094,
    244253,
    236316,
    223274,
    204664,
    185637
  ],
  "error_mean": [
    -5.465441267407862e-05,
    0.002465784876197543,
    0.0048107930026518265,
    0.007084260402961142,
    0.00889571809354938,
    0.010422886798828178,
    0.01146946179647855,
    0.011372157189518908,
    0.011735981545380013,
    0.01208391753430346,
    0.012201279700857076,
    0.012259348551478503,
    0.012598549754863355,
    0.013907681786554877,
    0.015876663757976722,
    0.017028938334482203,
    0.01957411465124101,
    0.020332588479050843,
    0.022611684198416773,
    0.02360294176196572,
    0.02482211468187734
  ],
  "error_scale": [
    0.028586190526514652,
    0.03214562570262024,
    0.03727000502604368,
    0.043365892789424425,
    0.050255044568893265,
    0.05778981375879992,
    0.06534859358184639,
    0.0722001409731325,
    0.08044491341103298,
    0.08836490967919491,
    0.09727977116367453,
    0.10681131053919468,
    0.1164419814953958,
    0.1261195142243876,
    0.13689358369550106,
    0.14838605214174025,
    0.15885369755844514,
    0.1674120798458199,
    0.1768203160830932,
    0.18545033882687348,
    0.19696526449101967
  ],
  "feature_names": [
    "ego_speed_mps",
    "mean_reference_curvature_inv_m",
    "reference_curvature_range_inv_m",
    "lane_width_m",
    "marking_quality",
    "environment_quality"
  ],
  "fitted_split": "train",
  "minimum_scale": 1e-08,
  "s_grid_m": [
    0.0,
    5.0,
    10.0,
    15.0,
    20.0,
    25.0,
    30.0,
    35.0,
    40.0,
    45.0,
    50.0,
    55.0,
    60.0,
    65.0,
    70.0,
    75.0,
    80.0,
    85.0,
    90.0,
    95.0,
    100.0
  ],
  "schema_version": "1.0.0"
}
