{
  "condition_count": 250191,
  "condition_mean": [
    19.93306191841002,
    -0.00012167070977972204,
    0.0034197617380778175,
    3.5496942960147386,
    0.7918484018252503,
    0.8083747717908836
  ],
  "condition_scale": [
    10.169049805401063,
    0.0040180721117868265,
    0.002603892961290662,
    0.10871403005895054,
    0.16898333706402502,
    0.16098807362700612
  ],
  "constant_condition_indices": [],
  "constant_error_station_indices": [],
  "error_count": [
    250191,
    250191,
    250191,
    250191,
    250191,
    250191,
    250191,
    250191,
    250191,
    250191,
    250191,
    250191,
    250183,
    250011,
    248957,
    246971,
    244012,
    234949,
    220358,
    201742,
    182602
  ],
  "error_mean": [
    8.145732789143678e-06,
    0.0006219071340754379,
    0.0013831657149875611,
    0.002267962251752579,
    0.003234690392237542,
    0.0042539189316295484,
    0.005352726199710301,
    0.006514129256591586,
    0.007706389616810462,
    0.009026333875484942,
    0.01044834155786076,
    0.011721380674240242,
    0.013281905818395437,
    0.014655321808730363,
    0.015988321114746098,
    0.01733196078611964,
    0.018533283551038292,
    0.019614886573296235,
    0.020183165108596187,
    0.02036201937478833,
    0.020463972563422434
  ],
  "error_scale": [
    0.011979435500472757,
    0.013681141857847443,
    0.01631195827502954,
    0.019506748003060348,
    0.023175969198813092,
    0.02710159684389293,
    0.031342293106385595,
    0.03590592033541111,
    0.0406787176329768,
    0.045661919666829934,
    0.050806586858228905,
    0.05616591167898284,
    0.061616846893820555,
    0.06721017253118206,
    0.07301827580939195,
    0.07906512522154525,
    0.08522461831599593,
    0.09156826902687547,
    0.09802787164108523,
    0.10445126375850187,
    0.110878284294192
  ],
  "feature_names": [
    "ego_speed_mps",
    "mean_reference_curvature_inv_m",
    "reference_curvature_range_inv_m",
    "lane_width_m",
    "marking_quality",
    "environment_quality"
  ],
  "fitted_split": "train",
  "minimum_scale": 1e-08,
  "s_grid_m": [
    0.0,
    5.0,
    10.0,
    15.0,
    20.0,
    25.0,
    30.0,
    35.0,
    40.0,
    45.0,
    50.0,
    55.0,
    60.0,
    65.0,
    70.0,
    75.0,
    80.0,
    85.0,
    90.0,
    95.0,
    100.0
  ],
  "schema_version": "1.0.0"
}
