{
  "absolute_error_thresholds_m": {
    "q95": 0.2761988222599029,
    "q99": 0.5406857442855835
  },
  "error_histogram_edges_m": [
    -0.6574215857982636,
    -0.6080101144313814,
    -0.5585986430644991,
    -0.509187171697617,
    -0.45977570033073467,
    -0.4103642289638525,
    -0.36095275759697026,
    -0.31154128623008803,
    -0.2621298148632058,
    -0.21271834349632357,
    -0.16330687212944134,
    -0.11389540076255911,
    -0.06448392939567693,
    -0.015072458028794644,
    0.03433901333808753,
    0.08375048470496982,
    0.133161956071852,
    0.18257342743873417,
    0.23198489880561646,
    0.28139637017249863,
    0.3308078415393809,
    0.3802193129062631,
    0.4296307842731454,
    0.47904225564002767,
    0.5284537270069097,
    0.577865198373792,
    0.6272766697406743,
    0.6766881411075564,
    0.7260996124744387,
    0.775511083841321,
    0.8249225552082032
  ],
  "first_difference_histogram_edges_m": [
    -0.3543478744626045,
    -0.3304201082011064,
    -0.3064923419396082,
    -0.2825645756781101,
    -0.25863680941661193,
    -0.23470904315511382,
    -0.21078127689361567,
    -0.18685351063211753,
    -0.16292574437061938,
    -0.13899797810912123,
    -0.11507021184762309,
    -0.09114244558612494,
    -0.06721467932462682,
    -0.04328691306312865,
    -0.019359146801630533,
    0.00456861945986764,
    0.028496385721365758,
    0.052424151982863876,
    0.07635191824436205,
    0.10027968450586017,
    0.12420745076735834,
    0.14813521702885646,
    0.17206298329035463,
    0.1959907495518528,
    0.21991851581335087,
    0.24384628207484904,
    0.2677740483363472,
    0.2917018145978453,
    0.31562958085934345,
    0.3395573471208416,
    0.36348511338233985
  ],
  "fitted_split": "train",
  "histogram_clip_quantiles": [
    0.001,
    0.999
  ],
  "s_grid_m": [
    0.0,
    5.0,
    10.0,
    15.0,
    20.0,
    25.0,
    30.0,
    35.0,
    40.0,
    45.0,
    50.0,
    55.0,
    60.0,
    65.0,
    70.0,
    75.0,
    80.0,
    85.0,
    90.0,
    95.0,
    100.0
  ],
  "schema_version": "1.0.0",
  "training_first_difference_count": 16197,
  "training_observed_value_count": 16469
}
