{
  "condition_count": 795,
  "condition_mean": [
    21.860368006484315,
    0.001322998485395873,
    0.0035002733542718054,
    3.5369578550446708,
    0.8525114140045718,
    0.7831885963116052
  ],
  "condition_scale": [
    8.218556172749475,
    0.003541215893116208,
    0.0022587830285501227,
    0.10700488679306147,
    0.09193767470587835,
    0.17098958955391702
  ],
  "constant_condition_indices": [],
  "constant_error_station_indices": [],
  "error_count": [
    795,
    795,
    795,
    795,
    795,
    795,
    795,
    795,
    795,
    795,
    795,
    795,
    795,
    795,
    795,
    795,
    795,
    793,
    780,
    738,
    643
  ],
  "error_mean": [
    -0.0002536661366441036,
    0.0022229197389960916,
    0.0066087444492029515,
    0.002966701610167324,
    0.006934890462706555,
    0.008256828270193793,
    0.006514865793818121,
    0.002653555612028959,
    0.00708918100733269,
    0.007996504518899276,
    0.02127842578572354,
    0.0156456466213893,
    0.0056702762722559774,
    0.009967892020646997,
    0.03317283105400593,
    0.03138814463227791,
    0.046068188990539514,
    0.07068993403374592,
    0.07161263065209847,
    0.058383458591736555,
    0.07121853089377553
  ],
  "error_scale": [
    0.027314044185776064,
    0.02933335141969859,
    0.037313585467772956,
    0.044247170448369934,
    0.05255483737145328,
    0.06325576293364053,
    0.07472965406070152,
    0.07569784329625528,
    0.07871318606804992,
    0.07932895673156187,
    0.1199108855996674,
    0.10494957979707545,
    0.1329456208843781,
    0.14275309361801622,
    0.13633072911825983,
    0.15067016983850906,
    0.17193722315930834,
    0.17416289713673153,
    0.17914561932565348,
    0.1911206236431608,
    0.24806087638204927
  ],
  "feature_names": [
    "ego_speed_mps",
    "mean_reference_curvature_inv_m",
    "reference_curvature_range_inv_m",
    "lane_width_m",
    "marking_quality",
    "environment_quality"
  ],
  "fitted_split": "train",
  "minimum_scale": 1e-08,
  "s_grid_m": [
    0.0,
    5.0,
    10.0,
    15.0,
    20.0,
    25.0,
    30.0,
    35.0,
    40.0,
    45.0,
    50.0,
    55.0,
    60.0,
    65.0,
    70.0,
    75.0,
    80.0,
    85.0,
    90.0,
    95.0,
    100.0
  ],
  "schema_version": "1.0.0"
}
